puuid,win_rate,kda,kill_death_ratio,avg_damage,avg_cs,avg_vision_score,avg_game_duration,avg_champion_level,avg_gold_earned,gold_efficiency,unique_champions,total_games_played,unique_play_days,avg_time_between_games_hrs,median_time_between_games_hrs,play_frequency,feature_window_days,kda_trend,winrate_trend,last_gap_days,churn
-DxBJoo2ZfoSve3yjwsW__5TdVCkyBXVFJ_k056TexJ64FMfCPN47yXjMhKcqjQL2C2AdWKvDRMLDg,0.5385,2.2061,1.0916,23353.23,177.62,22.38,1574.12,14.5,11036.65,0.8984,7,26,5,4.5226,0.5737,5.4922,4.73,-0.0605,-0.3077,0.018,0
-GkgdPGVx3zRcqFY30m2UzVKYBkrFNiN8h0cSTIcIoUt2IdDaKu8WXHyqDkHzk5vxqZApMm2HiIlMA,0.3846,2.0414,0.8966,20936.27,171.46,21.35,1635.65,15.65,10778.96,0.9503,6,26,6,8.6252,0.6831,2.8886,9.0,-1.3966,-0.1538,0.0374,0
-PH44wFQt5111MX0ls_AXXo-gqAovT8KvWXg8ZhL3ibHys5GI__FiVQ5tSr59cltGrobujU_DiuxUA,0.4242,1.4712,0.7837,20256.55,192.33,21.58,1572.36,14.7,10443.12,0.9046,9,33,3,1.025,0.5587,23.959,1.38,0.0353,-0.1471,0.0193,0
-ZNFSMhNyGUi9hFql-FSliQkHmw3jyCZqZuQUv00C0lhrn9DalNXvSKTb42P56htgmAHhOIwJ3jkIw,0.8438,3.2032,1.7059,44731.03,6.69,6.94,1526.03,17.09,18710.62,1.08,27,32,6,6.7479,0.5843,3.6646,8.73,-0.4942,-0.1875,0.0248,0
-zoAZUg_pNMrcbMsFgItR7ZA2G13J3ojh0qXI-MvFBasYTM3XyGC_6OeKSsMskLoLahumuvvOaXPgg,0.6129,2.0588,0.8758,19652.45,186.52,23.26,1579.84,15.74,10645.42,0.9245,14,31,5,6.1441,0.5657,4.0277,7.7,0.1387,0.1542,0.0199,0
00-BPP1bQa5EZ7OXm2xVP59K9A_ftFNBCgjSkPiUgdYposgezfdMA22ZOjCiEGs9D-NBORa_V7QGqA,0.4545,1.6772,1.0063,25430.14,171.0,22.05,1591.95,16.41,11788.0,0.9402,8,22,4,4.1925,1.0554,5.9673,3.69,-0.8482,0.0,0.541,0
0UKU337b9X5yKj3jZ0PsyXjtwFmO0cU8V4izh3gQc5QSoicfx1szs20C1ALY7b7tlJMsr4difZik6A,0.6562,4.3788,2.2576,33905.88,72.38,20.81,1631.56,16.09,14535.59,0.9433,9,32,9,5.7432,0.8757,4.304,7.43,-1.6443,0.0625,0.5431,1
0e6q2a6dGVs8cF5HSpNEhgTGl9KDQfJjZRhr8BnHITU3_UsYpS5j_1s6LLGadHFivca55ebWrZNa-g,0.6765,4.4656,2.5496,27227.29,162.82,16.18,1532.18,14.59,12571.0,0.9213,13,34,10,24.4507,0.7526,1.0109,33.63,0.6495,-0.0588,4.9768,1
16UzQeFLymGQZS-Nyde0y_T0V0Hi29KF5WJr4OWk4Ww8QdsyOhz59ri1aYM4WzPPpco-qhcWXXbU4g,0.5294,3.1317,1.0947,20448.5,59.24,81.32,1785.65,14.15,11766.65,0.8967,9,34,5,4.744,0.673,5.1961,6.54,-1.0422,-0.3529,0.0284,0
1PhDQVQ-SDAGn-7SIGfsWubVzf2zSXao2QJX54gqhFsVIptuv_byjf3AU-9CFcoed6TLw_q4soLDJQ,0.4375,2.4487,1.3269,26685.0,143.91,19.88,1455.75,14.09,11865.31,0.9464,17,32,6,4.377,0.6109,5.6347,5.68,0.9293,0.125,0.0255,0
1Z5wEoQdB7Kn7dnCKZTUp25LU3MrHSXEsikr2z3KWXuhGXnWyTihGdUSsRCyNszJb-r2XE_k9Muw6Q,0.4706,2.7896,0.8937,35560.06,48.15,0.74,1181.12,16.62,14018.82,0.9324,23,34,7,4.7719,0.4236,5.1733,6.57,0.5091,0.1176,1.1445,1
1iCoPyUoPS42_f8IYPSC_01zbNMT86Mk9ZsCkY_A6nJCGb7rYfqWs6B3SjLfyU2YkaWiwr7taSfknA,0.5714,2.2119,0.2458,6756.05,44.52,82.24,1689.71,12.38,8026.9,0.899,8,21,4,2.8256,1.0597,8.8184,2.38,0.1525,-0.2455,0.0228,0
1jDC4-e_55XZPWvnFK1ErEhnCOMcBSIaZOExe3Fal-Qb9ZgnSRTNOuGACT6xT0MGHx3Wc3uVJhF0Qw,0.4286,4.16,0.42,6769.21,28.07,64.57,1638.93,12.14,7890.68,0.9024,1,28,6,13.7048,0.6288,1.8144,15.43,2.0041,0.4286,0.5104,0
2Gp3Z_qdkJdy-oVxj1D_jzoYrV8ewBNbs30RPVXGbN5mZdzb3LsVvofz-z_o9OCWfH5LMI-lQ810nw,0.3548,1.2245,0.5867,17473.48,112.1,16.03,1482.84,14.16,10254.26,0.9512,15,31,8,5.6962,1.1632,4.3409,7.14,-0.4578,0.0417,0.0086,1
2c8szcNyqqNjz2b79xHDVQmT1333AHfg1rHCC0q_QJDQq-xUoSRODoLTmEs9vPNZ4A49JmSOFdgQSQ,0.6176,3.3091,0.9127,21823.82,61.47,3.88,1174.09,15.62,11939.59,0.9089,26,34,12,26.2136,0.6753,0.943,36.06,0.3298,-0.1765,0.0122,0
2iQT2IwX4merSYPJ8Z9jotGP6N4zXS34wlYUTYbrfX4Ki7ieF9y5zY1x2dOu6dTqb1DAofZV2O1yMA,0.4688,2.2619,1.3381,35448.66,189.31,21.22,1721.56,15.19,13225.53,0.9719,10,32,6,3.198,0.7891,7.7169,4.15,-0.0948,-0.1875,0.6258,1
2kNm9z_S-gxOHbvw78XWTJkZm1qZ9Xvo9wlWcMPI6c54IyJQb4PHn2M1KkqGBcBnzS1rkTz6KX8miQ,0.6061,2.3563,1.0402,23737.82,204.52,28.09,1777.61,16.39,11932.3,0.91,11,33,7,6.7198,0.9002,3.6762,8.98,0.2822,0.0846,1.0095,1
3IJaecddnEoxvFHUJmQ2eSGLwUbBT-4nGdr7tLw-kQ6rzqPICLDW5rCOfGkq2G5B_EulJAaXMi6GEQ,0.4815,1.9945,0.8846,23582.74,166.26,20.07,1641.33,14.11,12989.93,0.9158,12,27,11,18.2968,0.8825,1.361,19.84,-0.3635,-0.5549,0.3348,0
3QzO8xPji-g0KuSSBtm_yC6yxUyBZwPGNENlvlyo6pOXdi-A1ZBMd9wO6_FjXDE17i3LEQRxqVvpEA,0.4194,1.4661,0.7076,24114.48,196.74,21.94,1697.61,15.9,12079.35,0.9702,13,31,9,7.2515,0.707,3.4139,9.08,0.3569,0.1667,1.8079,0
4nCEYPqnvh9rhqIT1RzFkFGtfzu4OYaAskc34sCUFUUfKouCcudAStHbtJB9awu7TV4U_T7V7tESAQ,0.5882,4.0761,2.1359,30225.47,85.65,4.79,1023.82,17.59,14292.68,0.893,21,34,3,1.5554,0.3444,15.7915,2.15,1.5,0.1176,0.0132,0
554tNdRdOGLMhoxXq49RHDkaaUnv4SgyjRoYaIsdTNQADymhmZ79ijWu3s93sNtS0XkSppwosZaFuw,0.5357,3.3487,1.8158,33214.82,203.64,26.68,1631.71,15.36,12739.86,0.9342,2,28,7,19.247,0.69,1.2921,21.67,-0.8112,0.0714,0.0284,0
5M3h2ZKqWhEA_EzS1-tgYT6WWaF1xfJEypJcZbcuhCov5gaRLaWltR3mF6MrsbaIaRm-qwn_8a7_Jg,0.4062,2.259,1.2229,21009.59,181.28,17.12,1551.0,13.22,12425.19,0.9131,6,32,3,1.8593,0.6602,13.2389,2.42,-0.7047,-0.0625,0.0453,0
5hSwib4fQcPkhM3FBIpMcNTMfqKgFwut5zwLnU_X0UgkNJimTCHYm7nDjczSoE9Nd9P1nO58LIoDBA,0.4286,3.1084,1.1687,29606.71,181.79,25.29,1944.71,15.57,13670.5,0.9194,10,14,4,9.6275,0.7391,2.6708,5.24,-0.5281,-0.2857,0.025,1
6FJAp6N5rbcYIMdlq5PMWEmVAtndfx2NvrnWiY_PyF3DSekMtpXJc9B4lqmbbo00P08AAkoo-Ph65w,0.6061,3.1513,1.0119,30180.94,55.97,0.58,1112.85,15.58,12871.76,0.9096,25,33,6,3.8512,0.5795,6.4087,5.15,0.131,0.2059,0.0095,0
6qZoB1SLyyegv2eYuOcX8jZhwGQwyL6BwPwWmUc7L7kqYbEdSSr4SLn7p-_tG_cfOveb_qwesf7xxg,0.7273,4.5846,2.7538,25687.61,46.24,25.91,1607.64,15.61,14378.76,0.9003,10,33,3,1.8622,0.7342,13.2218,2.5,-0.999,-0.2868,0.0287,0
6zXoHHydlqwbrBL27AyyV_rrn7HtYDDsebwKpD1qHXpakvHRjlxcyx_FXbzITp8c5n-L7gNhlQiqkQ,0.5185,2.7355,1.3306,29721.59,212.0,29.93,1788.04,17.11,12649.37,0.9276,3,27,3,3.0537,0.6562,8.1176,3.33,-0.7729,-0.3352,0.0331,0
7P_wnqc_L448PWj3hGvno-Z0fqtXP7WVuFJ9EetOnioYG5uLAowMy8FacSCrHDpdEBAecISG4naEEw,0.6333,2.4359,1.3077,26099.63,204.5,22.1,1685.03,16.4,12762.3,0.9226,6,30,10,11.5,1.6015,2.1565,13.91,0.6382,0.0667,0.5442,0
7Xin6vDNzyODSZq-dq6tjTwEcF6SxtZqk25MxH5kAjH7MsZUwU7slTGyCfEOddFC1RWeagbhluSwFg,0.3214,2.0793,0.372,8768.64,45.36,62.04,1619.18,12.32,8211.68,0.9141,11,28,3,2.0893,0.6241,11.8447,2.36,-0.9067,-0.2143,0.0355,0
80dW6Z0wBaUPeOuYn1zqNCFxlbIGOG5yB4pwX6-uh9X5Rs8jia8Ql0OJhTpJoDmoZ3ZqTptc3iNCNQ,0.5588,2.7973,0.3108,12527.71,32.88,68.68,1760.15,13.41,9229.88,0.9073,13,34,9,12.5131,0.8096,1.973,17.23,-1.1109,-0.1765,0.0142,0
8BsJrNaO1k4IhU1ocMp3a_rojuryxwr6Q37yoIlRO3WIvCloqbZwv3tANObe3lWYwhnFuCKZuGgKIA,0.5455,2.4541,0.9082,26739.79,50.42,64.79,1658.97,13.09,10969.24,0.9022,8,33,5,3.6412,0.7317,6.7756,4.87,-0.8591,-0.2757,0.0176,1
8CS6ZKL9IGLGTF3TNPhNQWbOOccyLGwYteQIiCJ8vcmQwhlxN1Tp0rL54l9mLXON75yUYd2d5MbnWQ,0.68,2.5354,1.3858,31928.84,237.4,19.56,1681.96,16.48,14003.48,0.9553,5,25,6,11.9814,0.8272,2.0825,12.0,0.0062,0.3462,0.0966,0
8g3ZNad3N2T7BDs1AOHzTjmIeHXfBKeKJwuZ52zlItU7wDFgRAm977ya5923vtpWXsfHKSrtICwqwQ,0.5625,3.1007,1.6763,31295.62,141.91,18.03,1611.78,16.38,13059.75,0.9648,16,32,5,3.07,0.7676,8.0394,3.98,-1.2612,-0.25,0.0246,0
8vZjJrRcP3LlkmVlFa4e9EeO-QEpNaqF3UKfvyXbxtOjyd3BY2o3d7irbic5zWj6LJbjk8hIPn43ug,0.4286,2.9911,0.3839,10260.1,33.71,74.95,1680.1,12.62,8478.33,0.9164,12,21,4,3.4968,0.7788,7.1467,2.94,0.8953,0.0545,0.0722,0
8x3diZ19dQ13t0MMjoFbnhBp6ZS2tFh1xyeT4Fl4og7-cH-oqgWCqDSwmBMuozalJBSxGacjLIMfVA,0.5185,2.7643,1.1401,27952.56,160.11,18.85,1553.89,15.33,11916.33,0.939,6,27,6,4.871,0.6876,5.1032,5.29,0.639,0.1099,0.0136,0
8y9AnA6XZrVqdQrSKebXbKSvM2pABou4_rgMYGjbl_TMAaKEo87i7jKgJYgYfHguYiZVzejCxLqnRA,0.4333,2.4698,0.8591,19891.17,186.87,15.87,1604.3,14.23,10620.07,0.9489,5,30,6,6.5956,0.6032,3.7528,7.99,-0.4885,0.0667,0.0474,0
9GWDFAVAinXfYPn5MXq-5qc1VQFaiqVgjrnR0RkJ3r1ZRBBJ2DPAUhRPCa1dkMDdkfVpFIzZ0AEPOQ,0.4242,3.0849,1.4906,14950.73,184.03,21.21,1555.61,14.0,10076.58,0.8884,3,33,4,2.2294,0.632,11.0342,2.99,0.0503,-0.2684,0.7443,0
9MImuWKxgB0rvvlcRbI98m5z9g0E52fqOvMdt7hv74oENQIXUc0uoQy4C4CewYvdJ6vl7yWi7UCuZA,0.4333,2.5977,0.5517,15439.73,72.4,46.7,1590.17,12.83,9559.8,0.8855,8,30,7,5.5939,0.6906,4.4237,6.78,1.523,0.3333,0.8303,1
9MiNafcYFJYeARCJLNRwF5cU_BZojGKKQZ86IW8QqgHiQJfSQ7dZNuT01lhRqFtTS6TFkRSGd2odMA,0.5161,1.7361,0.9074,22506.32,184.9,13.74,1521.94,13.1,12621.1,0.9137,8,31,9,7.8926,1.4821,3.1419,9.87,0.1672,-0.0333,0.0248,0
9U9ZEjgKU8lkQ-PLmfc9eJJAMylFpATNY4cQqmJR8Bq8mAuurdMasxoZGdI6TQijzl-alUixXOhOPw,0.3929,3.4865,0.1712,4777.0,36.79,87.36,1592.25,12.14,7548.75,0.909,4,28,7,6.9323,0.7073,3.5795,7.82,1.3967,0.5,0.0215,0
9w_8LitDgt7lJq5NGQlfwFiJ-szXBb4x9lzsf0EYg6Be7wrxoHxmC_iUJ_D4sydXw5Ow27fWTX_ynQ,0.5938,2.7541,1.0601,21094.19,185.12,29.41,1720.62,14.47,13301.16,0.927,5,32,3,1.4271,0.639,17.1716,1.86,-0.3618,-0.1875,0.0281,0
A35XzJHLokbK31tr_FTbBbpkz8a9UxtXM-XBss-S7DogPUdQPB7IPRqWmCJkioDBDGkKjo8ukqWl3g,0.5312,2.1405,0.9676,22609.97,181.09,25.97,1648.31,14.53,12992.0,0.9363,22,32,6,11.523,0.643,2.1464,14.91,0.9759,0.3125,0.0275,1
A4v0ZUNvKOJUkfkWnJvtkwW48IGAkaYY2iyJfenGGDF1Y1aVvRHr-4agk7HGVIrzt2PziTq6PUulLA,0.303,2.371,0.491,21626.18,34.45,0.0,1123.88,15.82,12206.76,0.9179,27,33,6,5.2439,0.3879,4.7157,7.0,-0.2579,0.1029,0.0141,0
A7Rc2JIuffeMqsgJl4x1QRjjdWAxYFB4PyqhjRXriAuQRnEfwgPZneeV963JoAeIQXHXiPfUxWT-7A,0.4828,2.1209,1.1923,23894.79,197.62,24.24,1577.69,13.97,13235.59,0.9288,14,29,7,5.623,0.588,4.4115,6.57,-0.2217,-0.0333,0.0217,1
AT9u3LpMJsBI1eSxHK-0KCV4a95Pp2n0kVShT55lXMzT54EhDEJcl4n1YtuSzjERBdTlO2zum7Uk0w,0.4783,2.4907,1.5,24768.74,239.39,17.65,1645.04,14.52,14442.57,0.9033,12,23,7,6.5461,0.6586,3.818,6.02,-0.259,0.0455,0.0137,0
AUAoMBEI1uq6V9VWz6K2fADs0sHUvKqygpStsOvIS-2-i7IQFy0yu0lJ9-Nyd4dswwOrVJWXCCY07A,0.5,3.8571,1.5524,17456.9,54.47,30.17,1540.77,14.4,11611.37,0.9207,11,30,7,4.4251,0.6503,5.5922,5.36,0.0272,-0.0667,0.0215,0
ApFpMtVJ_QfOOWsMa78s0cAESPqly1hGg8uMWZzTZCFYGMuhjFU9bx5vtYJJ0WKQW8U5_ZY6ZlLGdw,0.625,3.2632,1.7193,25992.75,203.79,26.08,1728.79,16.33,14464.29,0.9111,11,24,6,6.5449,0.6622,3.8143,6.29,1.0275,-0.0833,0.0269,0
BI6AOhxocffT7jOMCXx_Er8gN2K1uohdtbG1ZsnaF0gEC76F4Fxf3gwpsElzAzlIY92MVbsXLfDMwg,0.52,3.531,1.3451,24349.68,206.44,27.92,1748.96,15.8,12088.68,0.9437,2,25,4,3.619,0.7916,6.8876,3.63,0.9401,-0.1218,1.4722,1
BjZDGFAKPmayTQSMRHvQdv3P4sExtP6Vsfge6OFgL2mQoj7HvZ9XjzcfO3Xx7mo2mpHrmpqs1klKDA,0.6471,2.0899,1.0423,20918.85,201.62,21.03,1662.44,15.91,12064.53,0.907,6,34,9,7.3146,0.6856,3.3742,10.08,0.6952,0.0,0.0148,1
Bmtz-uCfFeG0XczrpbLjLNn3eCaupXYyas3wa5DQSPPQb9ublaJMZdsqlknOqLsHIDHA-luP12cVSQ,0.4688,2.172,1.0806,18731.47,43.41,33.41,1656.09,14.94,12831.44,0.9274,5,32,4,2.6108,0.6343,9.4368,3.39,0.097,0.0625,0.9022,0
BzpvmkPIByUSfDKt4dovzdA4dVN3zs0S0t0sF_Lro12myv7Lg_p0zfhK2TrhAwiAWroFfkbkS0fzYA,0.4545,1.9299,1.1729,26233.91,206.85,20.48,1749.45,15.7,13699.76,0.9437,13,33,1,0.5798,0.5439,41.2683,0.8,1.0894,0.3971,0.0224,0
CairBp0GzQIc91WEgs1OnK3ImDGpyFbScXfc-3mECuN4Qpcia8quwRoKDs-lMv3eEBf68bzsenZxqA,0.3043,1.5538,0.4,12019.83,129.09,40.87,1546.09,13.52,8724.91,0.9518,7,23,5,6.7868,0.9884,3.6876,6.24,0.0275,-0.2879,0.0222,0
D6Q8B8GPuV0Q6hAFC6M8-xtAKRV3ScBCuvlyLLMTwtO1Rh2KqkVkcpZiW5ZKAQOQLrfT_8QqeOnZvA,0.7037,4.396,0.4356,7417.78,28.52,66.22,1596.85,12.41,8221.67,0.8609,6,27,4,3.371,0.6013,7.3654,3.67,-0.1663,-0.2747,0.0061,0
DHpnoMcD94jps5FKM70IYWcF1g0ts2EsClFbwBEUWyIiYOvShuciiUAA9kgMFjODlEQ-OTLQfw1aFA,0.8125,3.86,2.36,20826.19,168.81,18.75,1418.06,14.25,11268.19,0.8916,5,16,4,4.8208,1.7555,5.268,3.04,1.3109,0.375,0.0644,1
DY1dG-BXULh306TYZktKK6nceX-x3EqT2f2n2tbrybs2NlRfJp8fmSAo-Kk2QHyYwTTJ0s0c-3MJ_Q,0.4,1.3941,0.6108,17463.13,168.4,20.53,1585.17,15.0,10404.37,0.9458,17,30,2,1.2446,0.6128,19.7775,1.52,-0.2798,-0.1333,0.0247,0
DbJLwCN2620SFDfKvwMLLJC3hipsUJNhAIxQq2L-Lax4NntS2CG4sZ5rA1BES0QQ-MDmkRHnUBvhyQ,0.4688,2.6581,1.1806,21658.94,199.97,17.53,1636.41,15.06,11834.31,0.9053,8,32,5,7.5061,0.7144,3.2952,9.71,-0.371,-0.1875,0.2222,0
ElXdj5x3C4PEO7kIPBaL6n73vKagQmxX_9L7TAVkqu4aV2bZMiH0JJIPjNKO7eEQPrSNsWeTyvrRvA,0.3824,1.4432,0.7081,18031.94,168.21,17.91,1492.85,14.35,10419.06,0.9218,18,34,7,4.4025,0.6446,5.5953,6.08,0.4083,-0.0588,0.0184,0
FfGB8jvwnL8nJm3jbdRCq3dPxyQIJ8aR4CLytjA0DCQRNNvX7F0OOWpNmou5xrz83nT_hvJfWfZVVQ,0.4,2.9483,1.1897,18550.23,157.57,24.57,1583.9,13.73,10533.73,0.9316,13,30,2,1.2925,0.5817,18.8504,1.59,-0.1362,0.0,0.024,0
FpTEs-WlhCWkzTY1t_7lZZglqx-trECEkYhM9-PlV-P5NR5lGec4py571oEolqJ2cJKrO6E7-HRLQw,0.7,2.0443,0.7911,20283.43,161.37,27.9,1504.73,14.77,10102.57,0.9223,14,30,2,1.3926,0.5969,17.6396,1.7,-0.3442,0.0667,0.0261,0
FubykgDbfvxvrMtUXS4gvj4BCBXI_eN_Cy96mwQJYCduB1nhXxJUdcwLKZPk_Be-NmDFORMYCThOnA,0.4,1.75,0.5588,22949.73,224.3,18.73,1714.9,15.17,12575.93,0.9281,8,30,7,6.7415,0.7216,3.6722,8.17,0.5526,0.0,0.0221,1
FzmEoaBz6ePl9R2aPGZoBfshJVTpAw8gNB3ycOcNB-_0ZT8gjEwYvrsjESIxs0xPO1cLjkH-Xz8Btw,0.6286,3.6161,0.5804,16206.71,42.83,51.6,1502.89,14.14,10278.17,0.9254,21,35,7,4.2995,0.7182,5.7323,6.11,-0.8687,-0.0359,0.1579,1
GB9FyO0WCsSqbOZd4wL-YCcWmaUQWRsTE0wquW3vQdVY_S7xFmVMMCZXvcO9LDR7JpIzSs_qPSq8MA,0.5,3.4672,1.6803,25843.57,162.33,19.67,1558.93,13.87,10501.73,0.9212,5,30,3,2.4268,0.6369,10.1734,2.95,1.0626,0.0667,0.0737,0
GhjaCJ1sl5FlG02ual22lRgnUGradUG0X6s_SA8WyKhrS3PHc4Ecxcc72plKrK7tmCBjnQH8xGvYxQ,0.4516,4.0515,2.0882,23972.1,19.65,22.45,1685.58,15.58,13420.61,0.9065,3,31,6,6.3205,0.6848,3.9138,7.92,1.2107,0.2292,0.0236,1
Gke4SKTF-lDJX-Ko43zBPwM_lgT31Qk7Kd78pAs-15YYjAHEdHF3kgAAKO5nP_9p9aHWBLc81AQ2xg,0.6667,2.8047,1.7734,25603.21,151.33,21.58,1605.21,15.38,13050.12,0.9389,5,24,3,2.293,0.5822,10.8358,2.21,0.6863,0.3333,0.0205,1
GpuL5NW7wcmoUc5ax1ABbBe57IKuqQa4VPU8hlNLj88wNGG8HjRExfuMQQE-5fIMsvHM2o5aABZr4g,0.4706,1.8142,1.1327,26666.15,221.85,19.29,1627.85,15.65,12960.18,0.9424,6,34,4,2.6317,0.695,9.3495,3.64,-0.1339,0.3529,0.1069,0
HKCOvfrmj6WokXRyFiOdlpxDYDaukoWSitz0K1Ft2n8JqNRbWMDuwDHIqp43VSXhP8FMqgZx8xeMlw,0.5312,2.3575,1.2754,27071.66,160.56,19.56,1767.03,15.59,13741.62,0.9051,17,32,4,6.3914,0.6669,3.8656,8.28,0.2075,-0.0625,0.2432,1
HX-MconXs7gAKBsb_gceqv8xczzVYYtOFCrlFhxz0mn-g6khDXIMKdTFUksYwkov8sfudBiH7XNvwA,0.3235,1.835,0.325,11949.0,60.97,59.56,1619.38,12.24,8420.68,0.9291,14,34,6,4.1778,0.8102,5.9078,5.76,-0.4267,-0.1765,0.0371,0
IPsmO304cP-BCNn-iO5X_d84_IEtks3zwPaJ13PinLolBILNt7J2s-bLwAtLiK0s06d1AdLCPvn7Xg,0.3929,2.1106,1.0754,24020.64,155.14,21.46,1600.29,14.11,13448.18,0.9636,17,28,4,4.9577,0.9191,4.9978,5.6,0.0369,0.2143,0.1031,0
JXHLTeWYWVeq133EWyR6OdglyITlRKkXlbge7Yfg7cd_9bCtmcf1-LRHFDyhcF4rQWrcsf0hWg1uzQ,0.5333,3.411,1.1164,16644.77,42.8,33.87,1713.57,15.77,12906.03,0.9191,5,30,4,2.4113,0.7869,10.2293,2.93,-1.192,-0.2667,0.3467,0
Jgqrn9SKBTimdU7a7aUYG7z8XWr5s1mGhVMJxZaGJX55uOYqRRTV2M_eEbNckvXvFqW0-zYlONBcLA,0.3448,2.4468,0.8245,20628.83,61.1,42.97,1669.45,13.83,10917.79,0.9201,14,29,3,1.6388,0.6706,14.9883,1.93,0.766,0.3905,0.0228,0
Jmo4yxUakPkK_wdKvkNvIr6olbhoNQk1pQ1jzgcA7TpfZMg7RkqAzzly8jp8NmSij6a4DUVEWZzIaQ,0.5806,2.1117,1.1218,24249.65,192.29,15.55,1536.97,13.74,12860.39,0.8791,9,31,7,4.9248,1.53,5.0207,6.17,0.1613,-0.1667,0.252,0
KnYfBOJrBlfAUe9iG9lXcsdb4mVDvjJph_Si_F5vVhMVTNhGhjeJQa5AjffKS4xr4cEhmZa4B8rj5Q,0.6667,2.0968,1.0403,25762.57,234.24,18.62,1619.38,14.95,14140.24,0.9109,9,21,4,4.7501,1.11,5.2668,3.99,0.3354,0.3182,0.1913,0
KrfBsKpCbD_paqW0L5kjc9o4Vz87gbefQmIo2J62QAQuWwaoVEHb0BQuhqMqyFk9ShY3VA8R97Gi6w,0.7188,2.3077,1.3018,24633.0,208.81,20.59,1584.69,16.22,13147.41,0.8909,12,32,12,151.0254,0.8503,0.164,195.09,-0.3577,-0.0625,0.7598,0
L44ewJYAmZhBVNZbXHAg-5PuASkVCOdsIqOL_58uRyk_QT7SUUzOMTLvOHuUV9FKaWJR-Hgl3OOEGw,0.4286,4.2852,1.7778,33721.06,54.31,0.0,1110.23,16.2,14001.83,0.8787,24,35,4,3.5986,0.3972,6.8485,5.11,-0.4167,-0.3105,0.0117,0
LF66cMlK8JjT-ZcilAzrGCgGXrH5gwZoNqHgIEfj7Mu1wCT5ywGCiKv7SEkTovdRZWNUC2GGtgRTxA,0.6111,2.6271,1.1356,28978.06,209.67,17.78,1723.94,15.11,12689.22,0.9183,10,18,6,7.0842,1.0794,3.5707,5.04,0.6498,0.1111,0.799,0
LfZzxkCGXyvN9FyttLOMaIteh-RLnKSaYzkYC297ScB8o6PbkfxcgQ5BiiTIauhUem8zhFQk11y1ow,0.4762,2.783,0.5377,10739.9,43.33,60.48,1499.71,11.81,8098.48,0.9189,7,21,4,3.403,1.6279,7.3607,2.85,-2.5152,-0.2364,0.0266,0
LqHZmYonbDS2RlbWlC4T6CJ7HjwtyR79Z6TLZ6YWJlX5nBKdwf99euCopJT9vyWdQU5Tv-SxgvEZbg,0.6333,2.8323,1.4348,31662.0,28.37,20.33,1529.57,15.43,14270.23,0.9641,11,30,9,11.5583,0.8299,2.1451,13.99,-0.9383,-0.2,0.0236,0
M9QcB3tPXsnHK4NcwO8cuPmZJbg5l7Uax0Q-ekkCVD7sG0c9awywzLxzst6ZYKfQMl88yAfAU5KTpQ,0.5556,2.3519,1.3457,25990.7,210.15,16.59,1688.07,14.22,14200.3,0.906,10,27,4,5.0624,0.6151,4.9069,5.5,0.8917,0.1813,0.0245,0
M9kYLWQ3o0cF2339opKWCM-rva5bXxglgq1BrMD2ZDu5GOU0egU5vdr0TZu0HMQ_lQ1GkJFn468PUg,0.3846,2.0859,0.8281,12475.88,162.92,25.0,1495.27,12.69,11048.88,0.9085,4,26,4,2.745,0.8398,9.0424,2.88,0.0836,0.1538,0.0201,0
MV9OJ7jHOMY8bluqz-VkEML4Ces9srPjWRii6kqLiWo6P1cHS95mK837ZCrJB8Lv-o04Qc96qa1wAg,0.4667,2.8182,1.2273,25000.87,17.6,19.33,1536.43,14.63,12868.9,0.9395,11,30,10,14.2381,0.7153,1.7411,17.23,-0.0639,-0.1333,1.001,0
Ma1s-2D_2Lixesl2tMMPeyeiWewaLEiI7No7NXcQYQZAzb_6cvwToapSuND2ebGESb1AQctMDFj5Pw,0.4138,2.0598,1.288,20188.52,72.28,27.52,1627.24,14.69,12764.52,0.945,4,29,6,4.6801,0.6582,5.2911,5.48,-0.4936,-0.1667,0.4721,0
MglPdlTBym6pTir2s37Ml6bUxy9rQv_SXQs5a9a4uRwPWPKWM9Rr7Ej9yOIYzM9C1PDe1SHBx_gTrg,0.3333,2.6538,1.2802,19958.33,41.36,49.03,1787.88,14.91,12450.61,0.9277,3,33,5,6.0779,0.7585,4.0635,8.12,-0.4725,0.0404,0.0304,0
MnNRfCyQfdCTVK8_j0J2EEp0_nT5Dhi1LL3papmtN-1wsKG1TYMjDpIQ8AnGhlkQ2FeqYbMQljuIiA,0.6562,2.4064,1.105,28752.09,209.28,19.56,1720.34,14.38,13906.19,0.8993,13,32,14,13.354,2.8716,1.8527,17.27,-0.3914,-0.1875,0.0378,1
MpH2gVzqHLKbPuLZ8n5cs22SAouq4ZDscOX9qhCDBFRPkUsG_X59c8gZq5fEIjVq4y5bHAhGVyZYug,0.5789,3.3367,0.4388,12210.37,41.68,62.58,1683.63,13.42,9222.26,0.925,6,19,4,5.4654,1.1176,4.6156,4.12,-1.2897,-0.3778,0.0267,0
Mt7Pr4sflP-IQ-a5CvDSHW7PxbpxqXrwP49vn6W00rjM_MJjZ8s7ndSUKiHos4irLosTktmfrDtpiA,0.6061,2.1852,0.7716,18584.27,193.24,18.45,1578.88,13.94,11180.91,0.9051,12,33,7,10.5542,0.5606,2.3413,14.09,-1.0938,-0.4007,0.0232,1
NFKOnLjncmyCTwhIHsikMTl5DayFfm0llOOwOH2kEeWmDXA0vuErsWhxcQeV6ahM4tsBjv72GMV_0Q,0.6562,3.2924,0.8433,30735.12,50.41,0.0,1132.91,17.12,13784.72,0.917,26,32,9,6.2066,1.5668,3.9846,8.03,0.4225,-0.3125,0.0653,1
NPC_4g9soF9ubzv1nwzKAMrUZtDiO8sjMCt8YI6zfg4j-DVhb_dolr3gGKB20o5re5TRCC0YT7y6zA,0.7097,3.5328,2.1095,19492.39,67.61,28.26,1568.58,14.94,13657.45,0.8609,7,31,12,14.9797,0.8846,1.654,18.74,3.7348,0.3417,1.6415,0
NQX1fU4ngoSrEZmvEjjruQS7CtzrMPMUedkYNY6ilKmjaM2FKNVW4pPPdl4YgaUjSW-fWPGS6hM3Yg,0.5143,3.2548,1.586,21242.54,193.69,22.63,1708.23,14.17,13349.0,0.918,4,35,2,1.3565,0.5864,18.051,1.94,-0.0359,0.085,0.0316,0
O-w8dpzzAuVou8uLf0thBXxmvrfLhTdmYufyKABPstPkywq7QCjEnrJncnGl5VM342yMn2tdwGqEfQ,0.5385,1.8187,0.8421,19181.96,193.96,17.65,1543.31,13.85,12405.15,0.8918,12,26,7,6.3361,1.4702,3.9287,6.62,0.2229,0.1538,0.0588,1
OCJa186KSQZ28mK2n9qRTWqrFYZA82anuo3bhOBldu_pihNsouInIZKTtsTaYKdIQkw9OL2rhxKFdg,0.44,3.5,1.4095,29212.6,57.92,0.04,1082.88,15.96,13779.56,0.9153,18,25,6,7.692,0.4036,3.2453,7.7,0.3393,0.2051,0.01,0
OtR0by1abpNcx-JIpwxVWUBh7DfeMSmV1ADLxGL98K2zXM6Hce75PYJmRDM-CGWbFqgyrv1P76rsmg,0.5625,3.3587,0.8315,30957.19,41.5,0.0,1154.25,16.88,13217.25,0.9471,15,16,3,6.1388,1.5833,4.1605,3.85,0.1402,-0.125,0.5939,0
P3cqhMX9YutdKv_hkgvFusB3wPgy691nTtTEqn3IyDDYveK4PW0jGYc_hhEncrPGtWwZKBqidMY3iA,0.6071,4.7312,0.4086,7941.32,28.82,58.11,1584.86,12.43,7902.75,0.8673,4,28,8,5.9023,0.9283,4.207,6.66,-0.7792,0.0714,0.0298,0
P7YyHN2wWkNm7rxD-gySExIZpR3-06KuQgdflXT5IviRTfjMASSZsdA6Sd2zw2gGsc8j4kTJ83U23Q,0.6562,1.9396,0.8846,22027.72,177.75,24.94,1656.06,15.47,11504.38,0.9306,5,32,3,1.5303,0.5702,16.0491,1.99,-1.1088,-0.1875,0.0436,0
PK5IM1RDhmXsNzEl6YwOGH4FctEiis74Zw_0Mcz_ETexmWR0g5tzhV7x96tBx35e2QnTO2jV9x8J1A,0.5238,2.3897,1.2574,32686.62,180.0,24.33,1815.81,16.86,14079.33,0.9427,8,21,9,10.2193,8.8413,2.4581,8.54,-0.4956,-0.1455,0.8744,1
PTrqp174qqF0hFGHZUSG3tzRV5SC_5Jv2V2hVQZd4YrhA0_BH_YwyEDN6L4tlT4G5haenUVIgHE3lA,0.697,4.8636,0.3909,10310.06,20.45,68.48,1524.76,12.42,8057.03,0.877,9,33,9,24.7208,1.7228,1.0005,32.98,2.0531,0.1397,0.0441,1
PYgi_kY95zLyx6LVUvjAshl_bY3GtbFUL3HiWgmUrHlUQSEmjok72VF8rBORyheUyQESVIP8s1gvbQ,0.4688,2.8415,0.1829,4692.66,30.5,68.06,1630.84,12.38,7720.12,0.8958,2,32,5,5.4443,0.6175,4.5472,7.04,-0.0439,-0.0625,0.0297,0
PnMw639uBt7W2yZoiyCX91wxziuQhVKctbWaDl-_J_lOnhQkK-cwyP0_5I1lJM4Bj5UG2jwt06AIbA,0.4571,2.2873,1.1436,22198.26,217.4,18.57,1673.49,14.57,13421.69,0.9165,11,35,9,6.6559,0.8127,3.7027,9.45,-0.1105,-0.0261,0.5269,0
PtYIcM8ARGmEGstcTWL0bvFWqX6WVkkF8hVhMD1M2Ws8BtZsYzDyvyut-Bb-zd5EtEN79S0MEesDPw,0.5806,1.8962,0.9945,23701.39,221.16,19.29,1630.1,15.03,11980.0,0.9393,8,31,5,4.0121,0.5732,6.1584,5.03,1.3587,0.35,0.041,0
Q---7yTTU_JrDEOwrLD__JwNakh-i0tMWAtegvZEfIVbUPXjdL7kS9lFNGZNGYfJBA7rLQuclb17JQ,0.4286,1.7604,0.9447,21200.43,196.66,19.03,1603.06,14.57,11610.69,0.9504,2,35,4,1.8635,0.6222,13.1654,2.66,0.5485,0.1471,0.0187,0
Q9InB3-nMeMlHAjIAAJunDf8f-EBsnQ6eEf2lIYvEPvGBGS_wnh3A31bYKk4HZOJ48HbBVfLsXOmvw,0.6471,4.3691,1.5235,31794.74,47.44,0.0,1101.88,16.71,13522.94,0.932,17,34,8,9.3714,0.4204,2.6367,12.89,0.0586,0.1176,0.008,0
QKD-I8F2EQEMsDaqaYPQvmQ9vxyCBWzJP55-4EPxS3D_JJtVVkfrwm2DfIwt2HoVQkL_pvxut7yeXw,0.5484,1.4752,0.9554,30391.77,247.42,23.48,1690.52,16.77,13213.1,0.9406,1,31,7,6.5496,0.7301,3.7795,8.2,-0.6862,-0.1,1.8115,0
QRRQ1Ehn2dLQIA1ALgxPxw0tvwuELWuve4IW7tRP8jenJVI-OFXKknnsaUNCXmphXu5PyUfy_Gijkg,0.4375,1.7246,0.8357,17495.19,84.66,23.44,1466.81,13.78,10391.25,0.9084,17,32,3,1.6506,0.5809,14.8742,2.15,-0.5543,-0.125,0.0228,0
Qx34BE0Q6fnd57dFgPb8V12pmguRiJmJLGMk4MF3bzfuZ0XlOzpcSihwg852lq1Lnhpjaxr1zvLACw,0.5,1.8417,0.7986,19251.13,228.0,20.77,1725.7,16.77,12113.1,0.9511,10,30,9,9.9798,0.6924,2.4816,12.09,-0.3099,0.0667,0.019,0
RBSF5qdXUKAXTwopKepctg5aNNLu1LuK4NwyG-yFWiV_bblcwbaFw4SKNJ_yly16_Bg5oHQIqTBWjQ,0.4688,2.3961,0.6299,21582.62,169.91,24.94,1655.44,15.0,10307.44,0.9528,8,32,6,4.8833,0.6363,5.0521,6.33,-0.4,-0.1875,0.0299,0
RUXGXbECLWs20NCfKJuk5fXy9Y72NBkOma6pDI60uLLRkUadPUxqEf1RJqUQ4XIFuPSPuX0ud73Ipg,0.625,4.0194,1.9515,23912.75,70.96,31.0,1573.29,15.38,12858.04,0.9119,15,24,8,11.5031,0.6873,2.1733,11.04,3.3887,0.25,0.0293,0
RhI4hVtixiUpthIZItdnE78jvFjl_0hhlY4q--lbMSznobmI_re3ecd6ildpT2RVY0o7IEdOmIoWAA,0.4848,2.1483,1.1722,25573.24,187.09,16.36,1790.21,15.61,12737.7,0.919,5,33,6,5.3962,0.7098,4.5697,7.22,0.9088,0.0919,0.0713,0
RlsuE5L_7pyNP6dm_XOtCRPkmoQ5ufsLE93JD8_1PJC8FKHHw3EQVYOQqvZ6ZxtBEz6NSFR0WZgkvA,0.5357,1.9553,0.9609,24609.36,204.82,20.29,1770.18,15.64,12345.43,0.9498,16,28,3,1.6435,0.6691,15.0037,1.87,0.8763,0.2143,0.025,0
S0G6rTTfftaYfoYgza3um-Cu-k7Q6zaW0JsxO_s0VQTf8IgX43bP2mtmVHWW-9XcxXx5uICk5Yijmg,0.5312,2.5563,0.8944,20333.84,177.19,29.97,1640.88,15.78,10406.53,0.9368,10,32,3,1.1752,0.636,20.8796,1.53,0.1706,-0.0625,0.0228,0
S8EcAqQNi3pHoMSZvK-ZC1s5BWlDq6Jqkr4v7zlJRrABNn0OHBZyekZE1jN1waEE17EyZ_-yIXDfRw,0.6471,4.6341,2.0407,23537.5,31.94,55.44,1615.21,15.62,12530.44,0.8767,2,34,5,3.4551,0.6538,7.1404,4.76,-0.1079,-0.1176,0.0225,0
SBwZ8vctZ8VWgkZsWqv59_i_TYRn96tO2Btv9yCgEdpJpazEnwXFxAjqfNOskmjsW4bH0rI2KFlAIA,0.4444,1.9531,1.026,28739.44,199.41,17.15,1697.41,14.7,13900.37,0.9296,16,27,3,6.7416,0.7219,3.6837,7.33,-0.4434,-0.478,0.0785,1
SZYa8pAgWBxc-vOor1AWNxKzoW2FoSD1rKxd2CAWposWUsdMCTWNvuhKafzDMw1ALsAx-tDwUrOHdw,0.6333,2.0272,1.0136,23392.5,214.77,16.63,1638.03,16.4,11465.0,0.9036,3,30,3,1.9489,0.7979,12.6596,2.37,-0.5158,0.0667,0.2576,1
ScTDRTQ5gZmQ7E2OKllQuNQnIaBr3sFf7fzkHd3ic72ANmLm0ejRYtrZu-cSBln8n_IJslztASMIDw,0.6333,2.4111,0.8111,26666.03,183.8,27.13,1626.73,15.27,11337.57,0.9219,3,30,6,5.3739,0.6316,4.6084,6.51,-0.4087,-0.0667,0.4382,0
SgNgDdMJhLUTtyU5s_hVIu7S861hE44kU1X5nr5Lc7hfv-CtI40NcXWtepX6Tk0PsGuymtgGtS3-XA,0.4074,2.4444,0.8213,22586.37,71.04,66.67,1711.19,13.15,10844.93,0.9105,21,27,7,8.908,1.9012,2.7929,9.67,-1.1259,-0.2527,0.4576,0
Sk8oqaXWkXghfuHdROyFhFitFbGq4EDfPaMwpgu7KVpmOgcMhg4bOHq6PRbrfSIIYQGC6DZdybrrSw,0.5161,3.1168,0.7445,15706.0,103.48,38.81,1588.81,13.16,9272.58,0.915,7,31,7,4.9769,0.7507,4.968,6.24,-0.3287,-0.0333,0.0196,1
SwouGxyE8bpwmxpRJM1OVTS62etgxLlsRzAbVagY-7Mz0vkXp6XHxrc6q6CXlVlqeoxyKPNYPn7cVA,0.4231,1.85,1.0222,25588.46,191.54,21.69,1605.81,14.65,12459.31,0.9223,10,26,5,3.9138,1.0661,6.3506,4.09,-0.4491,-0.0769,0.2202,1
Sy9wXFqOUGaeiFlFuipgU1CHwterDaMTyNjHxL_DtQ0ED8XZr7r6OYFkM2M3Aruk_Mal-Ntl7zSxaw,0.4375,3.4595,0.9189,25364.97,49.69,0.16,1038.53,15.62,12416.28,0.9248,23,32,5,3.2281,0.8003,7.6711,4.17,-1.1027,-0.25,0.2084,0
SzTO5I-rriBYP10h3lD8b22nzLfBeu_AdvKiMoRuBHkUgNHJO7Lfuj3zvxFMFcn5QJxK85sJFbAmcQ,0.5,2.7067,1.4267,22565.88,144.38,18.62,1569.75,15.94,11996.25,0.9284,4,16,5,6.5856,1.3613,3.871,4.13,-1.0449,0.0,0.9624,1
TOe6Le64XYftIESG3926PNtByxvwioTZFMDm31VBT1wm3gD8194QqPeBUON-amqQsj-rSQ1f5Oxgig,0.3939,2.5678,0.9749,22747.97,167.55,26.79,1716.64,14.94,12026.64,0.9708,15,33,6,5.4895,0.9517,4.4992,7.33,-0.0821,-0.2059,0.5285,0
TZRTC-Np9kmTduQ8G1BmWRBQ2F_B6BqzK2sa9i7kgWDNWqdYWoZ0nokTkq-6JeUVDpNt37TrS2UjLw,0.4444,1.8166,0.8521,22476.48,214.41,18.7,1716.22,15.67,11990.19,0.9245,7,27,5,2.937,0.6183,8.4388,3.2,-0.5835,-0.1813,0.0205,1
TboX2Ac5BD6z_JC5TkfDBbFX6_JXOwyP86sx3t4ZnTEHWI0YJQ1ecGfVzMHrWGNedGCcZdeqUcF9Pg,0.5294,3.3933,1.18,20705.41,153.44,42.82,1669.44,14.29,10863.15,0.9153,18,34,7,5.3251,0.6217,4.6312,7.34,0.4613,0.2353,0.1488,0
U3FmbphRXfLg_LVgUg_HdiJcA0UXcRwS2hPKuhJGMo9iH4FmY1XNVCPKeNoXI0Lelf0XJlZqz0kY5A,0.5882,3.1217,1.0106,34055.21,48.65,0.21,1082.71,16.21,13220.74,0.9175,27,34,6,3.5552,0.4061,6.9406,4.9,-0.1097,0.1176,0.9773,0
UOmZY41CWepBatJpW-Btu0OF-22gXzS7j7sQTw8zRiBHvcJ7cPYYo9HCdgaJL7a4Nkz5QOaQ1j7bKg,0.5517,2.0,1.2917,31470.38,171.9,18.14,1596.59,14.1,14713.14,0.8952,4,29,6,5.0503,0.6981,4.9055,5.91,0.7191,0.2381,0.8949,0
UeJSzcOSZ-tAzerODyeYN8kfQ2WaHdfXxldSd0ErDe6ef0PoHNcMLDZWpxc59lKyIQprdOP9TiMrDw,0.56,3.8679,0.8585,11788.32,24.28,15.72,1610.52,15.16,11369.76,0.9024,1,25,6,8.8997,1.1868,2.8041,8.92,-0.1743,-0.2051,1.7159,0
Uhd3HEYeDaNHuLCvfhM-RXeZATAemQO1Bx7BPr2oQv3XqOqkuyQYMg1j8yEndA4YnN0B4IEY49SzGw,0.5312,2.1481,1.0988,22415.31,204.53,22.09,1592.91,14.47,11810.44,0.9253,12,32,5,2.7078,0.6189,9.1082,3.51,0.6975,-0.0625,0.1315,0
V7L8BhgWwqwefscs_3nTIyDHXpWkTRUr9G1zHOritwXmub7FQyoq4AWl0kICN7BSH4BgXfe7sQXBCg,0.7,4.0569,2.2439,25051.73,70.8,21.1,1581.63,15.63,14198.0,0.903,8,30,6,81.8984,0.5334,0.3031,98.99,3.128,0.2,0.1766,0
VHCPdyBGqpXyo8qyFPFvAp7L_z7wGv0GLClUVgfx978ZP-obXJJADJZX_KGx7WPaHwDhH_Q2GT1yBg,0.5909,3.7979,2.1277,22254.5,31.68,30.91,1553.55,13.95,12371.68,0.8964,2,22,7,11.4088,0.6496,2.2007,10.0,1.1922,0.0909,1.1884,0
W5Kc-8XomzdHer5yn_MP9YaDhapmEwE2CnwR8Jdl-IxTlkpM0CfvN4Q9jtS-PxY1lB8PxmuCQzdfHQ,0.5152,3.1067,0.5112,11778.3,61.67,93.09,1820.0,13.21,9928.61,0.9201,20,33,5,3.0685,0.8703,8.0161,4.12,0.3684,0.0294,0.5544,0
W9rG3N-YDiI04lXFvVbKrZdeHiwG3ytZFv-bVPalBbsbibf2XhloM-xLhAKwOj3TkJT2XJuswlYhhQ,0.4286,1.9763,0.7633,16476.86,36.71,37.82,1678.54,15.04,11973.93,0.9117,10,28,6,8.5077,0.6976,2.9194,9.59,0.9479,0.1429,0.0266,0
WEMNm2fySBwZaDOIX2RnDq6ye9FaRzjjMRyfEAs5LhCchebMeLb7UxwQb9Ao4K4NJ2q-2gd-4sLGdg,0.4062,1.7251,0.655,15574.88,167.88,25.09,1589.34,14.78,10510.19,0.9242,4,32,4,2.3584,0.6206,10.4551,3.06,0.5184,0.0625,0.0229,1
WFItg6eIM02NSG-RiCRC6SZ9JxKkFyNd8sqYYtSMM7d3RX8_Vn3tdqBcJMEUbMpYVzlcWwxj7I8QKA,0.6,2.5939,0.697,21765.4,107.0,38.0,1654.52,13.56,11175.52,0.9171,9,25,7,5.8991,1.5818,4.2233,5.92,-0.0072,0.0321,0.8698,0
WNypfKTuuCop96XemYnAlGgFq8rMnPghawH8NgTMtep1Tqb7HBLxDUKrJqLX_0N8XG2SKI37n1LdOg,0.3929,3.6446,0.9091,17057.0,141.68,28.36,1688.61,14.57,11494.29,0.9415,5,28,6,6.0027,0.6533,4.1335,6.77,0.6296,0.2143,0.0496,0
WSSanjJbwiTRaVSp0F4kg6nlUUuMEV-5cjcPpeAiCIn7_HrScGQx0M9pNZjKpVDf5aZe-2Uk4iOLxw,0.5667,2.5541,1.2095,23776.3,208.93,17.73,1590.43,14.73,12786.9,0.9308,10,30,10,22.058,1.4908,1.1247,26.67,-0.5757,-0.0667,0.0291,0
WYBycrOOeqXQNi0DNYUnU_2-pCkOnTEVufwpwkuaWSJCXh4fEXNBSm2K3ziVedqkVh2g7jwBWOBWTg,0.5926,2.1749,1.1858,27879.3,192.74,17.19,1608.56,14.44,13206.96,0.9408,5,27,4,2.818,0.6392,8.79,3.07,-0.1292,-0.3407,0.0238,0
WkvX2KAC7euRwqU-jtEj4_ThJQsS25iJmVqphC5WCWOz_6-9asCBMCgXw_CmibNuzlbgYUkpafEdiQ,0.5312,3.7652,2.2261,20176.81,44.69,22.94,1684.75,15.91,14222.53,0.9376,6,32,5,2.5846,0.6993,9.5203,3.36,-0.4041,-0.0625,0.0163,1
WwcyIUrp_RKpQtDoIq0Lns3qigF5dJ0jtm2aAdmiriuavQs4XyR4VGzbDNNIIFUyVmlVxR_yZlfsiA,0.4839,1.8488,0.8488,26952.06,204.74,20.39,1727.39,14.74,13546.84,0.9346,10,31,5,3.5154,0.7174,7.0284,4.41,-0.6569,-0.225,0.025,0
XjjuLHhvnm7cSl3Mi75LZUZymBNupm5pbqSE_fEdne3V7EcWRbCkzD9XjF1XiJyxltuQpW2OhuT_aw,0.5238,2.5652,1.0761,20314.24,193.52,13.62,1553.86,13.29,11617.9,0.9734,10,21,4,3.2588,1.5551,7.6606,2.74,0.1638,0.0455,0.0541,0
Xo4yL4pXjTKDbFRSZRRvK0M5yq7ypdHo7w7EvH4gHHbkkPqVbSRRe-J0jmfiP3PvrQ0CBS7VJHLkFw,0.5143,3.3019,1.9119,23371.23,72.23,24.49,1677.71,15.54,13454.66,0.9474,2,35,4,2.1978,0.6522,11.194,3.13,0.6737,0.085,0.0234,1
XzkgHlqOwyQnvVeHAyvlXfJ76rbeD_H_9Y2Uiquel3iSjxMZDdIqkX7wvsBEn-Hb1Ye0e_m0jVqtdg,0.4643,2.2308,1.1598,26746.54,191.46,19.29,1593.25,13.93,13562.96,0.915,11,28,3,1.9731,0.7459,12.6087,2.22,0.1006,-0.0714,0.1137,0
Y1RDX6Zpn48eUH9svm8NeacPxVbVc583eGUyi_YtttR0gzZ0_ei6aUENIZZlFeF8b2ORA-n_kaQeLg,0.75,3.007,1.4789,23587.75,202.59,17.47,1619.22,15.12,12599.91,0.9182,7,32,5,3.8315,0.6452,6.4358,4.97,-0.3812,0.125,0.0382,0
YkAaPe3i8SYlFBcg77C0MIoMijvnLXD55wRUMogS-KDhwzg4recAh1pY8AFeqzZjpe5P137g34w08A,0.5333,2.5163,0.2011,9252.8,41.2,74.23,1761.87,13.2,8738.6,0.8953,12,30,5,3.9768,0.6812,6.2112,4.83,1.8174,0.4,0.0273,1
ZBpFC7UDlutYFD00u3g4fVGVo5RpJMh5QHrU2zV9KLpFFKqT6E9VC4xdaB7zvl9zjm16e4UxaSDeeQ,0.5667,2.9031,0.3673,11146.7,51.67,73.63,1789.07,13.57,9511.97,0.9025,5,30,6,5.7033,0.6392,4.3397,6.91,-1.1406,-0.2,0.0291,0
ZEimyJCcTgezKLk0AU8R04Qg82SMxcedRRIrRZ5H71VJHLbT1R_T8acJ7CDmzlG60UqFT_DZTFIHJw,0.6875,2.983,1.608,25499.12,41.59,26.31,1626.97,15.25,13626.03,0.9342,5,32,4,10.2671,0.6227,2.4097,13.28,0.9727,0.25,0.0224,0
ZMjTL4l7mK9WWXkBgzGDNTSrujUEu5uKBRz_4WotU7jfP8YEHgT2-iF8iA5YNoQkAF5rlQZsy_84PQ,0.5833,4.9326,1.9663,30142.75,219.0,19.04,1676.62,14.75,13499.08,0.9191,4,24,2,1.5444,0.6373,16.0255,1.5,-1.2601,-0.1667,0.0471,1
Z_Fdw2EtJHMPqevS8LC5gaRS1YE2Y9rd1PmUwsSuL5WBfvD36O6mVh7atmgeIVjqhtNaqek4fgIXrQ,0.4,1.58,0.5133,21159.48,178.76,39.36,1688.92,15.4,10900.68,0.9491,15,25,6,6.5601,0.771,3.7994,6.58,-0.6156,-0.1923,1.2603,0
ZbhTMCI5OR9ETZcmBuodB7F6YFQdHwR__XmXIzyCEdRGAF3_91dbLz7UpYHb-6HZxB8LPtWBiZU4Og,0.36,1.4874,0.8908,16556.24,163.32,21.16,1492.64,14.32,9936.0,0.8988,5,25,3,2.0966,0.6947,11.8003,2.12,0.7689,0.0513,0.0143,0
ZzSY_O_iWbKYDnKVEXRpXVPIxifHRn1mcBWCr5mNQK7c9ef8clebHMbvULL4z32uqxaBbX4U3YaoZw,0.4412,2.8208,1.4509,25349.62,146.03,24.91,1794.5,15.32,13805.03,0.9646,22,34,6,4.9439,0.688,4.9906,6.81,-0.6012,-0.1765,0.0289,1
_7_WnE-mT9M8MRVvtfu0f7-hibEzryk8GDUJ_875vZU8mwzSO3IhDQtMwJp8tGdAAC0Pyv8DMImB5w,0.5312,2.8182,1.526,25902.5,225.75,21.81,1619.5,14.69,13835.75,0.9171,19,32,6,37.2182,0.5929,0.6655,48.09,0.5501,0.0625,0.0193,0
_h0G932EANPnzmecyBIC8G8TD2JBa_v9MPHiLRDAzM57PFl5EufI9tvA5X-6mg3UTyqKxw_DrbfgZA,0.625,2.6293,1.4828,26904.33,189.67,21.46,1672.92,16.62,12902.62,0.9011,6,24,4,3.0236,1.0835,8.2319,2.92,-0.4226,-0.4167,0.066,0
_k8ypgeRsLFiY93Z7AL5WEvWa-cYc0KkNunxoeXnWB-eThn0y9JiMerqTcd-gIoU5z8x0iGNdikbTw,0.6452,3.1703,1.4396,22992.77,70.77,37.71,1651.16,15.39,13051.58,0.9365,17,31,8,32.6273,0.5784,0.7597,40.81,0.7307,0.0875,0.0242,1
_lubVSUFjTQ8rGsYF-jHwO-ssUVwafysuhp2yObwAHIBeWfAxbp_3i9fta1IbvRGaxQGpTiy0-AOOg,0.4231,1.6012,0.869,25652.23,216.35,27.04,1713.69,16.42,12340.35,0.9309,13,26,4,3.9577,0.647,6.2757,4.14,0.4094,0.2308,0.9339,0
_sS5dxhx7s1laoJ3mOn2g0QAO4BIubsukOLw8i8wVa0grOs_JnRZYb9j7b_3lyzWeGd723oFJDlqFQ,0.3939,1.5434,0.5509,22106.73,105.52,43.3,1726.85,14.03,10483.24,0.9075,8,33,3,1.4228,0.6425,17.2151,1.92,-0.4048,-0.0846,0.0258,0
aCFZBnXjcqLIrmNr0W0Lw_vdg5T6M_sor9TfsUjhTwYGBLK4gh_Jv-56S10Y58UH7cXIWBr-ZYvpdQ,0.2381,1.9338,0.5033,18151.1,140.0,41.14,1692.38,13.81,10475.86,0.9575,17,21,5,7.2979,0.6304,3.442,6.1,-1.6947,-0.5,0.0479,0
aHeRPSL_mkJHwZII6II3sfKQE_C2-vBuCbC7z557XKZ221jJN3lT5mb6dDPv5Q_Uqj83Iyq1gOYLDQ,0.5,2.6259,0.741,26882.9,39.6,0.0,1112.0,16.9,13192.7,0.9215,10,10,3,8.165,0.5392,3.251,3.08,-0.4733,0.2,0.0225,0
aIfUP_xyRVeoBDUWWeyaR-YmxoyF2lXeVIYLYm1xqnCVney35WqCAwxWmTABoF-YXutQ5b1-KGL4OA,0.5,3.5615,1.5308,24967.43,159.18,38.36,1768.68,14.46,12885.79,0.9227,11,28,6,4.0061,0.7195,6.1907,4.52,0.3812,0.2857,0.0253,0
anLppGiSuBWfzikXwjgwxWaKsr7oSjFkqPgfwAJ9NNQgWdhWoaPOb-4kv8xcqSCYwiilIknji_vMoA,0.4783,3.5641,1.3077,23189.65,122.26,47.26,1803.43,14.39,11529.87,0.926,4,23,4,3.4003,0.6704,7.3276,3.14,0.0462,0.0455,0.0339,0
bOE0-z9zSxKb7bzvIPXaGYPIlFvR9gFCkGq_m71W5VP_XH4cNk6pRZyYK42YdiXTjZN7yxqcBlxmpA,0.5172,2.8718,1.359,18830.62,174.52,25.86,1645.41,15.1,10761.03,0.9183,4,29,7,7.2148,1.1554,3.4397,8.43,2.3543,0.4476,0.9156,0
bOQIQSmNX6VwO1cX8j_GThsDqNlqksPb5Gp7uZv8hzjM2z_P7hRCTf-BNEWGxsNxXxc_kgR_GWkrww,0.6071,4.3107,0.6117,9787.21,37.43,41.25,1578.21,13.79,10296.93,0.8939,7,28,4,7.9954,0.6634,3.1057,9.02,-1.1057,-0.3571,0.0667,0
bRcv0e32jW0q62owsShNbBLSvUWogF2agYDOpHY4evphhhDHaawXOuHXA9a0yzZSxS3zi4n2G_RG0w,0.7667,4.0306,2.1837,25200.67,218.4,29.43,1567.0,16.47,12651.07,0.9116,16,30,11,8.2294,2.0437,3.0129,9.96,-0.7328,0.0667,0.029,0
beyieujbyvlVZqV_ajgwxmQjZWzqvkJZOAE7zZEwTatQOYvKagaD246Sm82_PyRxchqcsFyT8bX_9A,0.5455,5.4512,2.2195,23248.23,48.09,27.55,1740.91,15.64,13165.91,0.8963,2,22,3,2.711,0.7133,9.1803,2.4,-0.695,-0.1818,0.0297,0
bf95fKFyuVvOFXIv-ftdo8PHlejlTUj4vA7v7h8t7kVpJUbFi3CHdA5UN-vjIJ36EPc0yOwA6RD_EQ,0.5333,1.9641,0.8969,26825.77,189.43,24.77,1699.37,14.63,13349.93,0.9371,20,30,5,3.214,0.7746,7.6646,3.91,-0.1229,-0.2667,0.0208,0
buULzLWueLa-Ap5tuqZmgmhctNkITr9H_4OwhGFL0791v_1xxElm354Y9D--OwSuFH3cymSjeIM9QA,0.5357,3.0992,1.3636,22436.96,100.39,23.64,1550.68,14.46,12241.86,0.8976,16,28,6,5.187,0.694,4.7794,5.86,0.1339,-0.0714,0.0266,0
cKu3YyW9haeHdbzWsdQWag-J1nj0u8Wq8mOWw1M8vQhc2rwlI0U_vAQd0XlXZwbeLQphIq_96wbyxw,0.5333,3.6364,0.5758,12007.2,49.5,71.07,1687.2,12.8,9037.83,0.8953,7,30,7,4.8465,0.8996,5.0988,5.88,0.9182,0.4,0.0421,0
cNGvVUxve6G0XZo64RBzCUj7gKdvVGM1uXexzxrKBOqKZQTWWsplC_byU2B70mimJQXJQoAqxC-dug,0.5484,3.4857,0.4,10811.97,37.45,75.94,1786.97,13.32,9459.9,0.8999,3,31,4,2.1398,0.6818,11.4874,2.7,-0.6915,-0.2292,0.0264,1
cUAWbepOqsYr0ovtZ-DBvlO0OpWpBQ2bG9YTqvqDpnmzYSV1rmKNduuWi9xC7MVivjTsUvvvyIYp2Q,0.4062,2.6466,1.203,21516.84,204.09,15.69,1586.06,14.47,11224.81,0.9066,7,32,5,3.168,1.0215,7.8001,4.1,0.4677,0.0625,0.0337,0
cUhqi_9vaduHIjtANE7hVn2AUnzm-2JwHE2jwmpohxXH1K5Cw18W29Yqv7k18iOiOFrOdUomUZFIOw,0.6333,3.0922,0.4113,11729.07,78.27,72.73,1692.37,13.63,8902.47,0.9133,14,30,13,12.0781,6.7152,2.052,14.62,0.0569,0.0667,0.5047,1
cX5ZDV1Qms-36LY2-prJ_fDLZJfYOeZE3zMBrrZWPihusIcKvij39Ox7jNLVR7K5YVcsDrMbOokX7A,0.5,1.8675,1.188,31142.41,193.94,20.44,1614.75,17.19,13897.34,0.9474,19,32,5,5.5255,0.6275,4.4711,7.16,-0.3356,-0.125,0.0206,0
c_iDPCdC37enWTD31pZcmEuW941qbBNCKqhQu-veg50uDiO_Q77mRjpRqd4E7wXlgmS6OLEPbdGv3g,0.697,1.9212,0.9576,23133.88,199.76,24.82,1543.7,15.0,11223.94,0.9221,8,33,3,7.375,0.5741,3.3475,9.86,1.3178,0.1397,0.0216,0
d4_0wCAsS6cWbmexSivSMP7Av8e7_2UNxaLA97PPvy6QWe7aYQdTklS3n6hY5ErkGc5bvAUR1LnpuQ,0.5312,2.76,1.2057,23872.5,191.62,18.16,1721.53,14.62,13117.69,0.9148,18,32,3,2.0673,0.6076,11.8819,2.69,0.8956,-0.0625,0.0647,1
dI7IT5C6Qin3mCf348acpp4Yimp1XkNCfQpN4eatS-O-3ddjalFKlOzvv5IBjrZS95xbtDc3W3TqFQ,0.5938,2.8,1.1302,26232.44,109.88,43.22,1669.16,13.53,12027.03,0.9163,20,32,4,2.321,0.674,10.5782,3.03,-0.5392,0.0625,0.0226,0
dOnp30UU5KxwAXn1f6ye8gobDQKGF8nmgg7nW8T4d8do2v1fT3TGmnp0z3YkQk3iFjjo_9r5iEzVFw,0.5806,2.6328,1.4011,27763.35,162.65,22.74,1708.1,15.26,13578.23,0.9405,16,31,5,3.0557,1.1061,8.0794,3.84,-1.1662,-0.5542,0.292,0
dU2a1TkQNlBkHYd8bIQFkihUxl0_XgXnL-M4P_AYcwni6yLndBR27yLiwv54C3jZpIQSJ4yGGS-ksA,0.6522,3.6055,0.8165,15057.0,72.35,71.7,1660.83,13.22,10078.43,0.8488,8,23,5,5.1759,1.8789,4.8313,4.76,-0.7084,0.0303,0.5355,0
e0BPsaWDa78efGu566QU_PXmdN2kqA89rzUhzMqnhKN2T_IDtn4juJq6F-MI65hJwpBhTW7UlMslIw,0.6071,3.2256,1.8722,25616.25,52.54,26.5,1670.5,15.89,14124.21,0.8998,5,28,7,11.768,0.654,2.1119,13.26,-0.2288,-0.0714,0.0273,0
e2DjRM9O7DxhjFicNEvbatKtMN9uxJQF6N3uajax6LWd2lWWaZg8EPkxzqb1XtNKmzmeZMPJ-GkfVA,0.4762,2.8254,1.4286,31259.33,237.76,25.43,1844.71,15.29,15975.86,0.9633,10,21,7,8.5521,0.8394,2.9376,7.15,-0.447,-0.0455,0.0282,0
etCt89QdjxWtzjNoUgcCrkn6F1zKc9mShPcqQiK_DIJ-O9fT0JpXnRH5JZb1rJLPaWgBxOB7cqi5tw,0.6087,2.7321,0.9286,22786.65,33.57,25.83,1723.52,14.74,11357.04,0.9202,3,23,7,7.407,1.1374,3.3758,6.81,0.8753,0.1212,0.0268,1
etVI3RicvQqCshk9svn_xtHXUGuNEA0RqWI4PsBnJx7IQSADrkjKaEhREHqDeG36bKgJxcWFmzkFYw,0.5294,3.3557,0.4027,8840.32,34.68,77.21,1661.74,12.59,8312.65,0.9029,6,34,4,2.3954,0.6074,10.3075,3.3,-1.4158,-0.3529,0.0163,0
f5yAQXlASeK37x-S21mf1ZEK91tnhnH0XvBMsN4kruEz_7Ebo7h7LSzL3xE9ZIRl6x_Gbz9Wab6xsQ,0.4062,2.4392,1.3581,22755.84,193.41,24.09,1651.78,15.72,11900.38,0.9366,9,32,10,11.0897,0.6955,2.2304,14.35,0.4098,-0.1875,0.0157,0
g4E-xaw8uBPkKsPkdN-fJ5tguQtly7QcUT4Rqlpeu_Zn1yTx_hcPkzNqR0fo4u9vuMUvgmfxkXAWbA,0.5312,2.7368,0.2047,6495.34,31.12,72.41,1513.66,11.81,7287.88,0.909,3,32,8,8.2864,0.6267,2.9845,10.72,-0.1802,0.0625,0.0354,0
gEWRnbmiPCp_PzhikTK_azCFOVXEyUXBbmAcrZa6GzSV5AlM11CbvPF6BRTBQMo0ZKr8kM8KB_gEpA,0.5,2.7434,1.3224,20823.33,45.93,26.23,1606.17,14.77,12442.97,0.9129,13,30,6,9.875,0.6374,2.5113,11.95,-0.0523,0.0667,0.028,0
hEmaVCu09gE4N0anHALWgU19Cob_KIazAhyTkDDMUAMiQaSTPgHWMIDQN9nUXwVtpmV_0XsgCN6Acw,0.6667,2.6781,1.4315,24133.23,204.13,17.67,1575.83,14.83,12118.83,0.9138,19,30,6,4.1158,0.596,6.0074,4.99,0.214,0.1333,0.0312,0
hGgR2lZZGEBqyXfalIfZRpyDCfBbH3g82mTRa6VJlCpVv1z2vnkJv-D1MH2SL469O4WHvT1vB37Teg,0.5,2.1534,1.1411,20371.29,192.29,14.82,1561.86,13.93,12419.32,0.9057,9,28,5,2.9657,0.5634,8.3657,3.35,-0.3582,0.0,0.0192,0
hHY_-njhRghk6JzxmFXtboZwXDtvUr0vWICgh_4_1NXhj-aul9QJMPlEaQrcTbQ30n-CSSrqi5HMsQ,0.4828,2.4125,1.1688,26125.0,195.0,17.62,1655.9,14.34,13525.34,0.9314,16,29,5,3.9623,1.14,6.2482,4.64,0.1545,-0.1714,0.0286,0
hRJv6CWyMu1yoneTjPIXjnVzMQkd76MpGAtTfYBdqBwCqGA0QOojjbrtx82HU2e6RXMOsM1t4UUbLg,0.3333,3.2574,1.2178,30298.67,104.0,35.42,1736.75,16.33,13812.25,0.9178,8,12,9,117.6073,70.761,0.2225,53.92,-0.249,-0.3333,26.9086,1
hkd5V9UKJmYJCt1fmSV_Edggs-80PpnkC3PCXbLMwHNGEQSKX0ik5LcT5f18tAJW7q9utCN8Kt9LtQ,0.5484,3.2564,1.6325,18526.87,188.71,18.19,1481.84,13.26,12078.71,0.8854,13,31,10,7.3347,0.8581,3.3773,9.18,0.611,0.1583,0.0141,0
hozemz2mnjmrxpH4P-2agjuTZyG5lWgXRKWoYte7Blr-z17gqZL1L26hXVpc-qGR8RchETp8tjKhLw,0.4815,3.4783,0.7971,14509.59,57.0,70.78,1709.26,13.15,9878.67,0.902,11,27,4,3.3661,0.6636,7.3821,3.66,0.1498,-0.1099,0.0267,0
hqN3-zWJSyJOxUaw06OJ4EmMtQgYWAiocTrQk2rIaQTEBe94bQce_6fgEk6BsGb2smiBdqOehGH3hQ,0.4848,1.9915,0.9915,25109.15,142.58,29.24,1704.64,15.15,12790.94,0.9429,23,33,4,2.3855,0.6157,10.3162,3.2,0.0185,0.0919,0.0299,0
jHCel4s0KrcUcpla60AWJwIdG7aJboMpnk4nb7hJRVBDdsWMQq2TCV-QVjIK0Jb6N6PUGI-ko9RItw,0.625,3.1368,1.4842,24413.44,47.53,28.69,1643.47,15.06,13399.94,0.9004,6,32,6,8.5274,0.8621,2.9013,11.03,-0.3875,-0.125,0.0475,0
jXmXlnao-TZ9s3etnwJh_TxdetJ9tbtWj0bsUnHI883Ct5BfqbnHNzr1B14Vv7SDZ30HwRfpdGoerw,0.625,3.1603,1.2824,22419.81,215.78,26.19,1748.91,15.88,12347.97,0.8892,12,32,11,17.1191,1.139,1.4459,22.13,0.1301,-0.125,0.0228,0
kURskbIOjOaDSiCzYVI3ORnV_WP5VNvcPnKo0xrwods7p1vluVVudcsNO12gswP38ZoMjZhTguII_g,0.4412,2.483,0.4205,10908.71,32.44,62.47,1502.32,11.94,8201.88,0.8946,14,34,10,6.2832,0.952,3.9263,8.66,0.7056,0.1765,0.0496,1
kZcH3QU9xCjOmanFG5HCANMnyaLwp3fQ97H5gpww_V0fgQ9PqKgasBA5QH2ZhGdEMVLo0yWDDcWS6g,0.5357,2.5641,1.4744,28417.46,104.93,21.18,1587.18,15.43,13325.32,0.9199,6,28,9,10.7638,0.9531,2.309,12.13,-0.6382,-0.2143,0.573,0
kyMTVv0eXlMOQttP10Sp-j67i1rmQ71jqsYmBIC6TENcT0FbiR6Q95G1xCz1YwtD0kgLKIVqA_adig,0.5152,1.9652,0.8607,20187.85,136.0,31.42,1459.24,12.15,10278.64,0.9189,14,33,6,4.029,0.672,6.1238,5.39,-0.3091,-0.2132,0.0571,0
lHiBIy_9oym2eanHrGlc5Q1XGql7YXOrrd2_1CwydmOuA2GY4bkSnnXM_cy3Udr6vHffOFXCDYrmDA,0.6,2.5747,0.6207,16361.23,54.8,59.2,1667.4,14.0,10384.03,1.0098,13,30,5,5.0576,0.888,4.8979,6.13,-0.299,0.1333,0.1446,0
lUWji9j4QS7bXe2WA6sudTyBM8hqvsi0nBoKdJxHIzG_HO9KaM2hh8-A92OIXzfzKYZLbVUMSKB6UQ,0.5333,3.3235,1.8603,20352.87,48.47,23.23,1571.67,15.1,12882.67,0.9075,6,30,7,10.2627,0.5786,2.4161,12.42,-0.4947,-0.2667,0.0262,0
lzYU1IpyzjUaUKr50MSPGpz8VLHx5JOO_zqJJw61eD3DEGeV6eUd_M1j1PlMfPpv9QPYxnhAJyT-1A,0.5172,1.8621,0.7874,19809.83,159.17,24.21,1600.24,14.86,10666.83,0.9188,14,29,8,8.7301,0.6845,2.8375,10.22,0.9928,0.4476,0.9496,1
m8GBqtVfOHRRz4g5Gm2wtFM7ivmKZXxbgpuKT6-emHffZGSsYuIqXONgxPY5kNsMfzQGwnBWQjeocA,0.4737,1.4091,0.7013,22860.89,190.84,22.79,1599.89,14.63,12030.63,0.9232,14,19,7,20.5224,1.0183,1.2326,15.41,0.216,-0.1556,1.2359,0
miE4vjBtyrQwoXu3HUT4aZXn4dqxk_vmN3R4orVpGZObKhNiNniFZ_mz58JIi0LxiKyOEzDPbMXPXw,0.5385,3.2321,0.7143,16281.92,36.62,44.08,1458.77,12.92,9035.69,0.9254,6,13,4,9.6773,0.7482,2.6808,4.85,-1.8641,-0.2381,0.0273,0
mvTFJ4P1EfG_sTdfROebGpZc_nCFIuH9M2wQebz5nX8RzXBZUt3gPvUZ9-0EpwsHgp9Gejo20xjsuQ,0.5333,2.0455,1.0606,21239.87,162.37,19.33,1568.0,14.63,11743.8,0.9311,24,30,4,2.4172,0.6983,10.2044,2.94,-0.1313,-0.1333,0.904,0
mxdDxQlwfAFJnWBrQ8qyOJ_wtK0nwZLa_baXBGUirZzRjb263HK9Sj89YGE8oVR-eCFqoMjAfuIrxQ,0.6,2.6475,1.3852,17991.0,165.63,24.37,1456.67,13.9,10317.4,0.9165,10,30,9,9.2082,0.6722,2.6919,11.14,0.8344,0.0,1.7251,1
nD4dnJhMn9B61JanyGaP0uuXrT6W8bXuZRZ2U880LMTS-0am2suplWPBwu8nF1cKM9gxW-VZ6vLPCg,0.3636,2.5707,1.7778,25647.52,191.06,17.52,1608.18,14.73,12784.06,0.9104,2,33,2,0.8315,0.5925,29.3536,1.12,0.5933,0.0993,0.0241,0
nI4Xs7jDfrJ-BdbGO3Yku8QVxwWc4J-2y574TunwQM-27F8M6HF4TLney7bxzNc-Rdib7mZl8jIAkw,0.4667,2.0744,1.1256,27490.13,188.8,25.8,1656.07,14.67,13702.5,0.9658,11,30,5,3.102,0.7432,7.9809,3.76,-1.1154,-0.1333,0.0228,0
n_D7w29wDYTeTgZ1TkhISuAMEBXSUsPxFxyq1XNU1NUQRLlfNnGka5fa2Qv1m0nRrY_t0828QxOXmw,0.5714,2.2833,1.3,17974.96,177.32,18.57,1577.43,15.21,11028.89,0.9146,5,28,6,14.6255,0.6871,1.6998,16.47,1.9475,0.4286,1.0304,0
n_EDqNkXRlAOXh4swJ_2Dppn4L0EDBgC7MHMzLcQipOoNeNmLBrpM42lYNt6NXq1Ojheb2Q0rLq7Kg,0.625,2.6686,1.5029,29693.34,226.66,21.91,1725.06,14.75,15566.5,0.9302,12,32,6,3.9723,0.8468,6.2054,5.16,-0.2493,0.25,0.0243,1
ndOX-tJiBBIpvRoGcpyB3T-V_ky2x35gBYOurDZPGuq8Apj895IJoHIawIfniG5njRjOnyALP8Bb9Q,0.5357,2.6429,1.3286,17859.64,45.04,25.57,1542.04,14.39,11871.07,0.9267,9,28,9,8.8972,2.639,2.7944,10.02,0.2976,0.0714,0.069,0
nhJSD6RoJsdUPWOAdNTbFfjkD5DYyUz0wG9ukt54rOQ0AUmPvlsewpMlofBGWl1vtTNjfWnQ63C4bg,0.625,2.5181,1.5602,29815.75,182.33,25.17,1704.62,15.08,15470.5,0.948,18,24,5,4.803,1.1451,5.1938,4.62,-0.5296,0.0833,0.8431,0
oAwe9aCWBuK-TbBOcFpuOhZPHEAjo1PHMIh9PxN-BJx21KL9QQJtplrA6YOZJ5tFJzoMvU4PobQMQw,0.4643,4.703,0.4158,9236.96,45.39,80.64,1745.29,13.46,8985.46,0.9,10,28,5,11.1199,1.206,2.2347,12.53,-1.9458,-0.0714,0.0195,0
odVf86QC7woeE2I-jkZguE7vsziqxWNn3w6W8hrcTCguCL4uvgzuBjm7AGLbCWaIV1uVwgT81KPzQQ,0.4333,1.0732,0.522,21353.53,190.73,17.9,1663.43,15.97,10868.8,0.9394,11,30,4,5.1505,0.5687,4.8064,6.24,-0.6752,-0.3333,0.0204,0
pSh6OFJ0vWaw88tYI6SimBJm8FgIZe_lyOLwdhj1441kzLFYSFvvBRBRJa3aUv8fYy-USRHptsoy0w,0.6,3.8859,1.604,22212.51,34.14,20.2,1528.31,14.71,11862.69,0.917,4,35,2,1.0784,0.6034,22.6747,1.54,-0.0004,0.2516,0.0215,0
pSmg88E0dYq5pPm0T9MkebN1J6wRmkV5e5t5GNrx6L04qGvHOKazoebPmQQ6kt-iFQDWecZC27vfpg,0.4444,2.5338,1.6466,25753.56,225.19,18.48,1613.3,15.56,12692.19,0.9315,13,27,3,2.5159,0.6815,9.8308,2.75,-1.869,-0.3297,0.0222,0
q3ScA6jn7e_LL9mbmuXKT92zicWMCQ6B3A_uVneQejz-H18HGoi9mGd5_38LY-MJfEy1H-_2BhqyhQ,0.3667,1.8929,1.006,24280.4,189.6,16.43,1607.53,15.2,11445.17,0.942,10,30,8,7.2367,0.8417,3.4305,8.75,0.4714,0.0667,0.131,0
q7V7_j7OyyY5UM397IiAeiGdX7cYd-WyMMaiQXNGAa4lzyrLKWRxFn5Iwu4aNHPWJi5-Reh7wKC6YA,0.5333,3.2857,1.3835,24205.7,178.57,22.53,1708.87,15.4,12011.33,0.9052,7,30,7,5.766,1.1075,4.2949,6.99,-1.2229,-0.4,0.0202,0
qC_71mEownPSoMmhFzrryfOH2GGBGDS6Y7pjOTH1D10ImwAujAWy2TiBw6gfsUXEe_QFwb4L2ZgjYg,0.5484,2.3829,1.1771,26594.39,217.26,23.16,1656.42,14.52,13775.71,0.9153,12,31,3,1.6226,0.6762,15.0755,2.06,-0.3471,-0.2292,0.0244,1
qMFgvFCvl4jiFcnCnYkV0IytK_6Z35dVCxPvmuBtGWJfiUeS0kbfRaj6Gf3DKT3UGj7JP3l7pcm3cw,0.3438,1.8883,0.7563,20837.12,184.0,18.44,1616.75,13.81,11777.16,0.9185,14,32,4,2.5133,0.5583,9.8001,3.27,-0.2911,-0.0625,0.0277,0
qVllzCSHqyJtWLPxiuPwr05CiXQL_HrnFNf0OQfupkr-LMYm3lp7VMSu_Vz_dSkrJC301QTfXOwGOg,0.6087,1.9266,0.9492,28436.83,206.7,20.83,1847.74,15.3,14316.83,0.911,13,23,3,2.0463,0.9939,12.0965,1.9,-0.2219,0.1212,0.3051,0
qeHo5Lb2ve9n5rbH7T-NbqD6xOOgwf7DLI76_9ngDQe17cpKfT3vGonI6Es2WnSQHidCgz1Ur8CPuQ,0.4242,2.5294,1.3725,24280.82,62.55,23.36,1683.55,15.03,13093.36,0.9294,17,33,2,0.9306,0.5871,26.1531,1.26,0.2986,-0.0257,0.0287,0
qh9E8gbaSsAxjGde8Nwjww5h6b83uD4zc8KLQj8656bBawSwcDpmB9r2zUJzxPsd7dpXKMqsAIiokA,0.5667,1.9502,0.7261,25875.63,164.8,34.7,1749.23,14.2,12411.83,0.904,14,30,6,5.7126,0.6716,4.3395,6.91,0.2087,-0.0667,0.019,0
qpPReVE0nnkcgKy91ap6IBpVpgWCJkSRqQCsxMmrnusrkBk4Yfw5ISfie8C6xrbBBNB1OuhufFz10A,0.5294,2.7892,1.1135,25336.62,19.09,16.0,1626.03,15.35,12345.71,0.9377,10,34,10,9.5926,1.0754,2.574,13.21,-1.0522,-0.2353,0.0193,0
r42YxZTdxLPOzxDNoGzX_UjN50Vh6gftrdRZmnYWwSuA-UTSBAGILex3o-imbZAGAcAS82PYO4xk8Q,0.303,2.1456,0.6013,12923.61,86.24,41.67,1435.76,11.64,8708.73,0.9248,12,33,7,5.7259,0.8372,4.3103,7.66,-0.0284,-0.1397,0.0362,0
rFgmfFgH9Dw2HcUOmROnizuXXH2S-kG13znD_X8WvkLlCcA7BRWIFzJEjP8CzvGJ368NByF3Ee1vaQ,0.44,2.7868,0.3088,8125.24,30.16,69.6,1599.84,12.04,8048.76,0.9243,3,25,5,5.0653,0.6197,4.9173,5.08,1.1165,0.2051,0.0223,0
rJ1UHS-pJlhSQUyRDYDmwgl0wvsU4c7ogdOODINg6xYn9h0FL3O_gWqAafpdeNb9Wc22ertUxGSZZw,0.4848,2.3433,0.9602,27111.03,243.33,20.79,1829.82,17.15,13290.21,0.9444,7,33,10,11.2196,0.7592,2.2035,14.98,-0.6104,0.2132,1.3795,1
rY48RUe3vA9FM3D43SJYhFuIMQHjmOdomTT7CFt2c76YGL91nyFyRRMrxem355xnlTNek4imgmK5vQ,0.5938,3.1613,0.2323,7921.56,32.28,79.91,1683.81,12.59,8339.06,0.8982,11,32,7,8.9318,1.0123,2.7684,11.56,0.036,-0.1875,0.1104,0
rZ5mLQ_tvQklawA3CqjzoD1xxA8fkbyMSl7HKdLk4uz5KCoRoTkvA9ym5GmK_W6At_MXqhZpn07_QQ,0.5,2.5118,1.3543,25243.12,143.29,19.79,1632.96,15.88,12528.46,0.9446,7,24,5,4.9135,0.7128,5.0783,4.73,1.3524,0.1667,0.4106,1
rk1TSfHWVX_wPQAFk8fVFnadsUv4h7kStPBxfBeF27xXm58GTPLJ86c2Ge9oXbeBgDC-_AGUbFU7yQ,0.6061,2.1202,1.0656,20683.36,187.85,21.85,1696.06,15.7,12249.64,0.929,3,33,4,15.1402,0.6176,1.6334,20.2,0.5815,0.0846,0.0366,0
sDkBrptno5ChuR-TqCLMi-EzKW3SKLqlbTi9bHYAmf_RcWCbilh-_Vw22ChdrPiW_3sYD9-whAdIzg,0.5652,5.863,0.6575,12235.52,20.83,68.39,1655.39,13.43,8765.0,0.8964,5,23,3,2.1345,0.6864,11.6419,1.98,0.7994,0.0379,0.0261,0
sRwUGcQc1pAgFT7SBQQHxGm411oaeqQlPFx-_y8_d57eFQgFgRrdCqCkLon3QT-GAB3ic9sL9Wyxlg,0.5312,2.1977,1.0465,27470.53,228.56,31.06,1636.47,15.69,12024.81,0.9255,3,32,4,2.1948,0.5845,11.2047,2.86,0.0978,0.1875,0.0302,0
siWylKXEdwgD2N-MXnvBr0Caeu66eqVX6f2hvg4g3AZOKvme5NJ4b2XarogYwAPAOxDWFghBzis9hQ,0.6071,2.3268,0.7974,20710.54,157.32,26.75,1559.43,14.39,11481.32,0.9294,14,28,7,6.8277,0.7602,3.6387,7.7,-0.0048,-0.2143,0.0347,1
soR0drtUkTAXILmyqkUI8nFVRDNQCf0yGp6_GTbpYbuAEoUE4jgbKAHQgp1qMh-NBaggn3AniwhSSg,0.4333,1.5259,0.8276,22928.87,224.97,16.4,1722.87,15.37,12984.2,0.9399,3,30,4,1.9224,0.7134,12.783,2.35,0.0345,-0.0667,0.0267,0
t4u40BO8QP3ZOPOapwXJ6BwBYVapdk7UiANaVnz2uJD5V_45O_I_SBFxSc0SljirjBKQMQVOJyXMgQ,0.52,2.6809,1.1631,22694.64,187.84,34.84,1718.68,15.48,12186.12,0.9182,4,25,2,1.2996,0.6091,18.9713,1.32,0.5861,-0.2821,0.0233,0
tifKQbLBU8JwKyvGjp_9GkOv2Tv_7mR1L6OBOSKh-AQlpDdQHaDk4uih1Zf_VjX6dBazDGmVQ7V4Uw,0.52,2.1914,0.7531,24729.92,194.92,27.44,1723.08,14.36,13114.68,0.927,13,25,7,7.198,0.8379,3.4586,7.23,-0.6749,-0.2821,0.0251,1
tlg1v6BqXGext_kEpKiPpKErEKK600GDWJwluUgFIIavqnRQfuVbN9Dz1ylDPlZuNScywvFVpKAR_Q,0.4688,2.5528,1.191,30580.75,204.62,19.06,1622.72,13.78,13489.62,0.9413,9,32,4,2.5113,0.665,9.8332,3.25,-0.1129,0.0625,0.023,0
uCZ8n6ALjnRC0WJBGnO1NhrjaE1DLMo8jNH7he0qrn8JN97DwbUJsc0Gl91R5aCRrP5pOWQdvnoABw,0.4667,1.5975,0.9025,25542.1,208.83,22.17,1707.73,15.23,12332.23,0.9266,6,30,15,18.1935,4.8564,1.3636,22.0,0.163,0.1333,2.1859,0
utnvBFEwb2-yj0orxWfe1v_xSKKll1ajr25VHwC5Qjvlzke7Q-k9lg2yOdhesstWvyISIntHn5Qnag,0.375,1.995,0.7426,19604.03,114.88,46.41,1599.66,13.44,10572.62,0.9321,17,32,5,2.8582,0.5933,8.6241,3.71,0.7651,0.125,0.0339,1
v1mZ6kAYCSgZcXCtoOiWAleiKMj6Ob4ZagAaMd-Wp2YNyFFDSidi9424NcBvtJG7XAxmclmSWmfdnQ,0.4138,2.3814,1.2288,19427.45,217.14,24.55,1515.62,14.07,12302.34,0.9251,7,29,4,2.5995,0.5682,9.5064,3.05,-0.5602,-0.0286,0.7546,0
vKu4WDIbE5OmlcW7GTrTtMPgGCjjcGNnlFpjrhCpYjfxXtmBKTI_VpIY4YBjDhv1tjtp1qeHA_WLTQ,0.4062,1.9631,0.2719,10358.22,51.38,60.19,1645.97,12.75,8586.25,0.8912,14,32,8,8.1861,0.6499,3.0207,10.59,1.0242,0.3125,0.8717,0
vL2Co-zQWYYlAXRivld28Sfo0HE9yltMdk2CDZD_ARxyDe168JCmYTIG16NnK-mESci4jQdSKFh45g,0.4194,1.7709,0.838,22231.06,205.74,28.45,1617.84,14.77,11636.13,0.9352,3,31,6,5.2179,0.5926,4.7452,6.53,-0.1275,0.0375,0.0178,0
wPSh6BVqPsC6XtFl9qHllMurjnla9sO1244nwOuGuID-M4T53yYOEMfuBnqeGYjgttFbnadaUNgOfQ,0.4062,1.6228,0.7588,26396.88,177.56,21.03,1768.12,16.22,11275.81,0.9662,17,32,6,3.3733,0.6785,7.3223,4.37,-0.7284,-0.0625,0.1798,0
wr9AvGa938YHhl_nsXUw5g9FKVFjskX-NWIII33aC5c-uJLbWW2YZNUrjz2vHWi4fXMdtlMSuXLNeQ,0.5357,3.2612,1.5299,21353.32,32.57,30.21,1684.25,15.36,13040.86,0.9059,13,28,7,7.1841,1.261,3.457,8.1,-0.7972,-0.2143,0.0266,0
xIfAmDnvwlYe2cIeRwJNSH0hre8vgh8KDPY_PQJao8vlIl8h8F2a85H9AVS5WXSfMhdIVA1oI3QU5g,0.6364,2.0,1.096,23668.36,213.06,25.33,1626.0,16.09,12387.76,0.9057,2,33,2,0.751,0.5643,32.3827,1.02,-0.3448,-0.3419,0.0189,0
xMj6VH1M4_WH3NlhtyBC7n5pXS53yLCzJFxdhO28Qf0z_ERLTNkNsMNkXNA64ZkInZp0JjRVIrqMEA,0.6316,2.6354,1.1979,23165.89,178.42,16.47,1585.26,14.42,11168.53,0.9358,5,19,4,6.4342,0.749,3.9268,4.84,-0.5472,-0.0667,0.0313,0
xXlVstrweLiDahETH22N03BP3XL052LF-qmc3BwSoVOg35fnlPX-07BgWUhOpjwUmYjIf8h8NXyT4A,0.4828,2.1882,0.2634,10868.24,65.34,65.17,1653.21,12.69,8682.41,0.9032,13,29,7,8.4093,1.0749,2.9512,9.83,1.0778,0.519,0.0265,1
xrUxsD4NO_y0t4nbTxOCpNBFkEIYNwfyzXiTmLvT31tWkfzHr4ey-PQR6kLMEkaawsEnwYy2NoajVA,0.5,2.7094,1.0936,26764.53,57.91,23.0,1665.18,15.79,13501.97,0.9482,11,34,7,10.1937,0.6813,2.4219,14.04,-0.9972,0.0588,0.0203,0
xztOylOjp9vOBmEnR6jnW32571u9m4_izaTuUy7BldfcIvdK8ay3BRbzzT9TlXiEleADOjg3Dfoe6g,0.5143,2.6764,0.6655,20264.03,95.66,30.26,1483.03,14.66,11705.77,0.9311,27,35,6,3.6516,0.5541,6.7393,5.19,-0.0354,-0.0294,0.0192,0
y4O6LLi4GLtN440fFPmLH2uTb3mB2QPTDyV81WB6b-9IBIThdU4XJIldNd2uRbDZQEbuJkPUD-CgZg,0.6897,2.9664,0.4832,12914.14,21.62,58.03,1664.34,13.59,9383.59,0.8882,13,29,9,9.43,0.7991,2.6319,11.02,0.1172,-0.0476,0.0595,0
yPrTpplDou03Z5EkRd7kcYfF_tN0PiPJiw22cmnYuodxuC3FJ8kxUyzVQ6l_0f9LFaOX-D7skBYppw,0.4412,2.4575,1.0094,26605.32,152.88,37.06,1659.44,13.38,12584.59,0.9271,20,34,8,13.61,0.617,1.815,18.73,-0.1537,-0.0588,1.6567,1
yRqy8UnJ8HIR2wXWFtS4NC0zeeuqIdPm4N7rKmctbA_GCUHqu7VxePu2xjqS1TH9C3adP5iZbPeIOQ,0.4333,2.4318,0.4091,13202.33,59.83,62.0,1547.3,12.13,8777.27,0.8854,4,30,3,1.7509,0.5692,14.1089,2.13,-1.0704,-0.2,0.0283,0
yUiuzFWVV2c7cDEW-AqWSkwJXNZNFh2EQdK7poy0yWKFPoTOfonL47NxD-Fc3n3ti-L0Ixet3Sazmg,0.5517,3.9732,1.125,20955.76,220.66,22.69,1744.45,14.97,13641.97,0.9156,7,29,4,2.5618,0.6494,9.6121,3.02,-0.4458,-0.0381,0.0304,0
yjuHD94SVEuWdyK7NSDerXKa--7kIQ5vPs_p1mvxIjKNGTMxuovjIMRNuYylh7rjB01ZvxuMX4l-BQ,0.4286,2.0459,0.8929,23374.36,120.61,30.61,1781.71,15.39,13224.57,0.9193,19,28,7,7.4069,0.7273,3.3525,8.35,-0.0549,0.0,0.388,1
ys9oKAeMZCQwKohoB_RMnWrGqM1M9_82VssMwrYGL4KC9-YT20unB1VS8yIiUeQhMEHB-5IUDdWEOw,0.5,1.7191,0.8764,21201.14,190.21,17.79,1615.79,14.43,11610.21,0.9293,7,14,4,5.585,1.1434,4.611,3.04,0.0811,-0.1429,0.0601,0
z1jds_JblyCT2deC_qQg50ghJEorvJcwYr0ooeciFpipmm2A4sf65UPl_WWmA1F3rziMN3prcEjrdw,0.4286,2.3333,1.3642,22028.75,38.32,30.64,1688.93,15.68,13840.68,0.9169,5,28,5,3.379,0.8496,7.3323,3.82,-0.6181,0.0,0.1121,0
z46-6e4-a4hZZd8JnJZsUJ6aaE1mo4l7CH-wnSe74ImwP4YfBHGKwz47xertudrBqYopH0suH02Z2Q,0.4545,1.4315,0.8631,24196.88,200.0,20.7,1609.18,15.67,11809.45,0.9682,7,33,4,1.6713,0.6512,14.6525,2.25,0.07,0.0331,0.02,0
zYj1p__FvLGLQCG7tqtjy0AuWdzJcg71-NTn0tBEGUxBRbmjbf6OETIa4viAowsd2eV8Ish0jylsNA,0.5758,2.4829,0.3951,13284.48,74.58,63.27,1695.7,13.39,9756.58,0.9173,22,33,4,2.9055,0.8167,8.4887,3.89,-1.375,-0.3382,1.1181,0
